{
  "-1": 4.274000000000001,
  "0": 1.644999999999996,
  "1": 1.0809999999999889,
  "2": 1.1119999999999948,
  "3": 1.5039999999999907,
  "4": 0.7139999999999986,
  "5": 1.9350000000000023,
  "6": 1.0320000000000107,
  "7": 0.7700000000000102,
  "8": 3.567999999999998,
  "9": 0.19199999999999307,
  "10": 3.7180000000000035,
  "11": 1.3730000000000047,
  "12": 0.8430000000000035,
  "13": 1.6509999999999962,
  "14": 1.2809999999999917,
  "15": 0.8469999999999942,
  "16": 2.6709999999999923,
  "17": 1.0489999999999924,
  "18": 0.9230000000000018,
  "19": 2.4620000000000033,
  "20": 2.9139999999999873,
  "21": 1.2620000000000005,
  "22": 1.6329999999999956,
  "23": 0.23700000000000898,
  "24": 0.9750000000000085,
  "25": 2.8739999999999952,
  "26": 0.4130000000000109,
  "27": 1.1820000000000022,
  "28": 1.4699999999999989,
  "29": 1.6209999999999951,
  "30": 0.8530000000000086,
  "31": 0.6920000000000073,
  "32": 1.524000000000001
}