{
  "-1": 11.179999999999993,
  "0": 1.5900000000000034,
  "1": 1.5200000000000031,
  "2": 0.8699999999999974,
  "3": 1.8299999999999983,
  "4": 2.1200000000000045,
  "5": 0.7800000000000011,
  "6": 0.9100000000000037,
  "7": 1.1300000000000026,
  "8": 2.239999999999995,
  "9": 1.1199999999999974,
  "10": 0.9900000000000091,
  "11": 2.0799999999999983
}